{"cameraMode":{"drawMode":0,"name":"Shaded","section":"Shading Mode"},"sceneLighting":false,"audioPlay":false,"sceneViewState":{"showFog":true,"showMaterialUpdate":false,"showSkybox":false,"showFlares":true,"showImageEffects":true,"showParticleSystems":true},"in2DMode":false,"pivot":{"x":-537.469970703125,"y":-934.2999877929688,"z":-0.38999998569488528},"rotation":{"x":-0.2574329078197479,"y":0.017389599233865739,"z":0.004643834661692381,"w":0.9661601185798645},"size":2.8583126068115236,"orthographic":false}