{"cameraMode":{"drawMode":0,"name":"Shaded","section":"Shading Mode"},"sceneLighting":false,"audioPlay":false,"sceneViewState":{"showFog":true,"showMaterialUpdate":false,"showSkybox":false,"showFlares":true,"showImageEffects":true,"showParticleSystems":true},"in2DMode":false,"pivot":{"x":-1.7610324621200562,"y":1.5565195083618165,"z":-3.348555088043213},"rotation":{"x":0.8706727623939514,"y":-0.022509105503559114,"z":-0.03999491408467293,"w":-0.4897614121437073},"size":7.403090476989746,"orthographic":false}