{"cameraMode":{"drawMode":0,"name":"Shaded","section":"Shading Mode"},"sceneLighting":false,"audioPlay":false,"sceneViewState":{"showFog":true,"showMaterialUpdate":false,"showSkybox":false,"showFlares":true,"showImageEffects":true,"showParticleSystems":true},"in2DMode":false,"pivot":{"x":0.28686827421188357,"y":2.6593735218048097,"z":6.461117744445801},"rotation":{"x":0.038989510387182239,"y":-0.005699480418115854,"z":0.0002222880139015615,"w":0.999226450920105},"size":18.007061004638673,"orthographic":false}