{"cameraMode":{"drawMode":0,"name":"Shaded","section":"Shading Mode"},"sceneLighting":false,"audioPlay":false,"sceneViewState":{"showFog":true,"showMaterialUpdate":false,"showSkybox":false,"showFlares":true,"showImageEffects":true,"showParticleSystems":true},"in2DMode":false,"pivot":{"x":-3.0199999809265138,"y":41.630001068115237,"z":0.0},"rotation":{"x":-0.21810564398765565,"y":0.017555924132466317,"z":0.003969283774495125,"w":0.9758061170578003},"size":7.274974346160889,"orthographic":false}